Intent,Sentence
vedalaşma,Kendine iyi bak
motivasyon_sozu,Sabırlı olmak istiyorum lütfen
selamlaşma,İyi günler
spor_önerisi,Jimnastik hareketleri öğrenmek istiyorum lütfen
motivasyon_sozu,Umut dolu bir mesaj alabilir miyiz?
selamlaşma,Selam canım
spor_önerisi,Yürüyüş yapmak istiyorum
motivasyon_sozu,Kararlı olmayı öğrenmek istiyorum
hedef_önerisi,Yeni bir şey öğrenmek istiyorum
hedef_önerisi,Kişisel gelişim için öneriler ver
selamlaşma,Merhaba chatbot
vedalaşma,İyi geceler
vedalaşma,Bay bay
kötü_gün_destek,Bugün çok kötü hissediyorum lütfen
hedef_önerisi,Kendimi motive edecek amaçlar arıyorum
meditasyon_önermesi,Zihinsel huzur arıyorum
spor_önerisi,Fiziksel olarak aktif olmak istiyorum
meditasyon_önermesi,Zihinsel huzur arıyorum
selamlaşma,Hoş geldin
vedalaşma,Mutlu günler
motivasyon_sozu,Başarıya odaklanmak istiyorum
meditasyon_önermesi,Sakinleşmek istiyorum
spor_önerisi,Hangi sporu yapabilirim?
meditasyon_önermesi,Zihinsel dinginlik istiyorum lütfen
motivasyon_sozu,Zorlukları aşmak için ne yapmalıyım?
selamlaşma,İyi günler nasıl gidiyor?
selamlaşma,İyi sabahlar
selamlaşma,Selam canım
hedef_önerisi,Yeni bir hobi edinmek istiyordum
spor_önerisi,Kardiyo egzersizleri yapmak istiyorum
hedef_önerisi,Başarılı olmak için planlar yapmak istiyorum
spor_önerisi,Pilates yapmak istiyorum
meditasyon_önermesi,Zihinsel berraklık istiyorum
spor_önerisi,Hangi sporu yapabilirim?
motivasyon_sozu,Kendime güvenmeyi öğrenmek istiyordum
meditasyon_önermesi,Rahatlamak istiyordum
hedef_önerisi,Kariyerimde ilerleme kaydetmek istiyorum
motivasyon_sozu,Başarı için ne yapmalıyım.
selamlaşma,Günaydın çiçeğim lütfen
kötü_gün_destek,Stresli bir gün geçiriyorum lütfen
meditasyon_önermesi,Zihinsel berraklık istiyorum
vedalaşma,Sağlıcakla kal
vedalaşma,Sonra görüşürüz
kötü_gün_destek,Kendimi berbat hissediyorum lütfen
kötü_gün_destek,Kötü bir gün geçiriyorum lütfen
motivasyon_sozu,Bugün kendime nasıl motivasyon verebilirim?
meditasyon_önermesi,İç huzuru bulmak istiyorum
spor_önerisi,Evde spor yapabilir miyim?
vedalaşma,Bay bay
spor_önerisi,Yürüyüş yapmak istiyordum
spor_önerisi,Pilates yapmak istiyorum
vedalaşma,Kendine dikkat et lütfen
motivasyon_sozu,Hayatımda ilerleme kaydetmek istiyorum lütfen
kötü_gün_destek,Mutsuzum
selamlaşma,Merhaba
kötü_gün_destek,Bugün çok kötü hissediyorum
hedef_önerisi,Kendimi motive edecek amaçlar arıyorum lütfen
vedalaşma,Hoşçakal
hedef_önerisi,Kariyerimde ilerleme kaydetmek istiyorum
meditasyon_önermesi,Endişelerimi yatıştırmak istiyordum
meditasyon_önermesi,Rahatlamak istiyordum
meditasyon_önermesi,Zihinsel dinginlik istiyorum
kötü_gün_destek,Motivasyonum yok lütfen
spor_önerisi,Güçlü olmak için ne yapabilirim?
kötü_gün_destek,Hayal kırıklığına uğradım
vedalaşma,Başka zaman görüşürüz
kötü_gün_destek,Kötü bir gün geçiriyorum
spor_önerisi,Kondisyon yapmak istiyordum
meditasyon_önermesi,Huzurlu hissetmek istiyorum
vedalaşma,Çok teşekkürler hoşçakal
kötü_gün_destek,Mutsuzum
vedalaşma,Kendine dikkat et lütfen
selamlaşma,Selam
vedalaşma,Başka zaman görüşürüz
selamlaşma,Merhaba chatbot
meditasyon_önermesi,Sakin kalmayı öğrenmek istiyorum lütfen
selamlaşma,Herkese selam
hedef_önerisi,Kişisel gelişim için öneriler ver
hedef_önerisi,Yeni bir hobi edinmek istiyorum
vedalaşma,Çok teşekkürler hoşçakal lütfen
selamlaşma,Selam
kötü_gün_destek,Hiçbir şey istediğim gibi gitmiyor
selamlaşma,İyi sabahlar
spor_önerisi,Egzersiz yapmak istiyorum lütfen
meditasyon_önermesi,Ruhsal huzur arıyorum
meditasyon_önermesi,Zihnimde rahatlık istiyorum lütfen
spor_önerisi,Hangi sporu yapabilirim? lütfen
selamlaşma,Merhaba chatbot
vedalaşma,Güle güle kal
hedef_önerisi,Sosyal hayatımı geliştirmek istiyorum
selamlaşma,İyi akşamlar
motivasyon_sozu,Bana güçlü hissettiren bir söz söyler misin? lütfen
hedef_önerisi,Hangi amaçları güdmeliyim.
kötü_gün_destek,Hiçbir şey istediğim gibi gitmiyor
hedef_önerisi,Zamanımı daha iyi değerlendirmek istiyorum
hedef_önerisi,Hayallerimi gerçekleştirmek için ne yapmalıyım?
motivasyon_sozu,Hedeflerime ulaşmak istiyorum
meditasyon_önermesi,Zihnimin durulmasını istiyorum
motivasyon_sozu,Azimli olmaya ihtiyacım var
selamlaşma,Selamün aleyküm
hedef_önerisi,Mutluluk için hedefler belirlemek istiyorum
hedef_önerisi,Sosyal hayatımı geliştirmek istiyorum
motivasyon_sozu,Kendime güvenmeyi öğrenmek istiyorum
meditasyon_önermesi,Zihinsel dinginlik istiyorum
motivasyon_sozu,Başarıya odaklanmak istiyordum
motivasyon_sozu,Hayatımda ilerleme kaydetmek istiyorum
vedalaşma,İyi geceler
meditasyon_önermesi,Huzurlu hissetmek istiyorum
motivasyon_sozu,Kendime güvenmeyi öğrenmek istiyorum
motivasyon_sozu,Azimli olmaya ihtiyacım var
selamlaşma,Merhaba chatbot
meditasyon_önermesi,Nefes egzersizleri yapabilir miyim?
motivasyon_sozu,Umut dolu bir mesaj alabilir miyim?
meditasyon_önermesi,Ruhsal huzur arıyorum
meditasyon_önermesi,Rahatlamak istiyorum
spor_önerisi,Jimnastik hareketleri öğrenmek istiyorum
motivasyon_sozu,Kendime güvenmeyi öğrenmek istiyorum
selamlaşma,İyi günler nasıl gidiyor.
selamlaşma,Hoşgeldiniz
spor_önerisi,Pilates yapmak istiyorum
selamlaşma,İyi akşamlar lütfen
vedalaşma,Başka zaman görüşürüz
kötü_gün_destek,Motivasyonum yok
meditasyon_önermesi,Stresimi azaltmak istiyordum
kötü_gün_destek,Çok üzgünüm
kötü_gün_destek,Kötü bir gün geçiriyorum
meditasyon_önermesi,Sakinlik arıyorum
motivasyon_sozu,Kendimi motive etmek istiyorum
selamlaşma,İyi günler
spor_önerisi,Fiziksel olarak aktif olmak istiyorum
spor_önerisi,Fiziksel olarak aktif olmak istiyorum
selamlaşma,Selamün aleyküm
vedalaşma,Hoşçakal dostum
spor_önerisi,Kas yapmak istiyorum
meditasyon_önermesi,Gerginliğimi atmak istiyorum
meditasyon_önermesi,Sakinleşmek istiyorum
meditasyon_önermesi,Huzurlu hissetmek istiyorum
kötü_gün_destek,Kötü bir gün geçiriyorum
selamlaşma,Merhabalar
motivasyon_sozu,Güçlü olmak için ne yapabilirim?
meditasyon_önermesi,Nefes egzersizleri yapabilir miyim?
selamlaşma,Nasılsın.
vedalaşma,Hoşçakal dostum
motivasyon_sozu,Başarıya odaklanmak istiyorum
motivasyon_sozu,Başarıya odaklanmak istiyorum
hedef_önerisi,Daha üretken olmak istiyorum
meditasyon_önermesi,Meditasyon rehberliği alabilir miyim? lütfen
spor_önerisi,Egzersiz yapmak istiyorum
spor_önerisi,Egzersiz yapmak istiyorum
selamlaşma,Nasılsın?
kötü_gün_destek,Mutsuzum lütfen
hedef_önerisi,Kendimi motive edecek amaçlar arıyorum
spor_önerisi,Sağlıklı olmak için ne yapabilirim? lütfen
hedef_önerisi,Yeni bir şey öğrenmek istiyorum
spor_önerisi,Koşu yapmaya başlamak istiyorum
vedalaşma,Elveda
spor_önerisi,Yürüyüş yapmak istiyorum
kötü_gün_destek,Yorgunum ve bitkinim
meditasyon_önermesi,Rahatlamak istiyordum
motivasyon_sozu,Cesaretimi toplamak istiyorum
kötü_gün_destek,Umutsuzluğa kapıldım lütfen
hedef_önerisi,Kişisel gelişim için öneriler ver
motivasyon_sozu,Bana güçlü hissettiren bir söz söyler misin?
hedef_önerisi,Kariyerimde ilerleme kaydetmek istiyorum lütfen
vedalaşma,İyi akşamlar
hedef_önerisi,Hangi amaçları güdmeliyim?
vedalaşma,Çok teşekkürler hoşçakal
vedalaşma,Başka zaman görüşürüz
selamlaşma,Merhaba chatbot
selamlaşma,İyi günler nasıl gidiyor?
selamlaşma,Selamlar
meditasyon_önermesi,Gerginliğimi atmak istiyorum
spor_önerisi,Egzersiz yapmak istiyorum
spor_önerisi,Yürüyüş yapmak istiyorum
motivasyon_sozu,Azimli olmaya ihtiyacım var
selamlaşma,Selam nasılsın?
meditasyon_önermesi,Sakinleşmek istiyorum
motivasyon_sozu,Pozitif düşünmek istiyordum
motivasyon_sozu,Hayatımda ilerleme kaydetmek istiyorum
motivasyon_sozu,İlham verici bir söz duyabilir miyim.
kötü_gün_destek,Yorgunum ve bitkinim
spor_önerisi,Kilo vermek istiyorum
motivasyon_sozu,Kendime güvenmeyi öğrenmek istiyorum
selamlaşma,Merhaba
selamlaşma,Merhaba chatbot
meditasyon_önermesi,Zihinsel huzur arıyorum
hedef_önerisi,Becerilerimi geliştirmek istiyordum
vedalaşma,Bye
kötü_gün_destek,Motivasyonum yok lütfen
meditasyon_önermesi,Nefes egzersizleri yapabilir miyim?
hedef_önerisi,Mutluluk için hedefler belirlemek istiyorum
kötü_gün_destek,Motivasyonum yok lütfen
motivasyon_sozu,Pozitif düşünmek istiyorum lütfen
meditasyon_önermesi,Stresimi azaltmak istiyordum
selamlaşma,Selam canım
kötü_gün_destek,Çok üzgünüm
kötü_gün_destek,Kötü bir gün geçiriyorum lütfen
selamlaşma,Selam nasılsın?
vedalaşma,Güle güle
hedef_önerisi,Hayallerimi gerçekleştirmek için ne yapmalıyım?
hedef_önerisi,Hangi amaçları güdmeliyim?
spor_önerisi,Fitness önerileri ver
meditasyon_önermesi,Zihinsel berraklık istiyordum
kötü_gün_destek,Umutsuzluğa kapıldım
motivasyon_sozu,Başarıya odaklanmak istiyorum
motivasyon_sozu,Umut dolu bir mesaj alabilir miyim?
motivasyon_sozu,İlham verici bir söz duyabilir miyim?
motivasyon_sozu,Zorlukları aşmak için ne yapmalıyım? lütfen
kötü_gün_destek,Motivasyonum yok
kötü_gün_destek,Karamsar hissediyorum lütfen
kötü_gün_destek,Moralsizim
motivasyon_sozu,Azimli olmaya ihtiyacım var
selamlaşma,Herkese selam lütfen
meditasyon_önermesi,Ruhsal huzur arıyorum
hedef_önerisi,Yaşam kalitemi artırmak istiyorum
selamlaşma,Selam lütfen
motivasyon_sozu,Sabırlı olmak istiyorum
hedef_önerisi,Sosyal hayatımı geliştirmek istiyorum
vedalaşma,Hoşçakal dostum
hedef_önerisi,Yeni bir şey öğrenmek istiyorum lütfen
hedef_önerisi,Yeni bir şey öğrenmek istiyorum lütfen
kötü_gün_destek,Bugün çok kötü hissediyorum lütfen
vedalaşma,Elveda
meditasyon_önermesi,Zihnimin sakinleşmesine ihtiyacım var lütfen
spor_önerisi,Kilo vermek istiyorum
motivasyon_sozu,Cesaretimi toplamak istiyorum
hedef_önerisi,Becerilerimi geliştirmek istiyorum lütfen
vedalaşma,Hoşçakal canım lütfen
meditasyon_önermesi,Zihinsel huzur arıyorum
kötü_gün_destek,Kederli hissediyorum
selamlaşma,İyi günler
vedalaşma,Başka zaman görüşürüz
vedalaşma,İyi akşamlar lütfen
hedef_önerisi,Kişisel gelişim için öneriler ver lütfen
selamlaşma,Merhaba chatbot
vedalaşma,Sonra görüşürüz lütfen
meditasyon_önermesi,Gerginliğimi atmak istiyorum
meditasyon_önermesi,Endişelerimi yatıştırmak istiyorum
kötü_gün_destek,Motivasyonum yok
kötü_gün_destek,"Moralim bozuk, yardım et"
vedalaşma,Sağlıcakla kal
vedalaşma,İyi akşamlar
selamlaşma,Selamün aleyküm lütfen
meditasyon_önermesi,Zihinsel berraklık istiyorum
motivasyon_sozu,Bana güçlü hissettiren bir söz söyler misin? lütfen
hedef_önerisi,Mutluluk için hedefler belirlemek istiyorum
motivasyon_sozu,Bugün kendime nasıl motivasyon verebilirim? lütfen
hedef_önerisi,Hayallerimi gerçekleştirmek için ne yapmalıyım?
spor_önerisi,Spor yapmaya başlamak istiyorum
vedalaşma,Hoşçakal canım
meditasyon_önermesi,Stresimi azaltmak istiyorum
selamlaşma,Herkese selam
vedalaşma,Sonra görüşürüz
selamlaşma,Günaydın çiçeğim
meditasyon_önermesi,İç huzuru bulmak istiyorum
kötü_gün_destek,Hüzünlüyüm
motivasyon_sozu,Zorlukları aşmak için ne yapmalıyım?
motivasyon_sozu,Hayallerimi gerçekleştirmek istiyorum lütfen
hedef_önerisi,Becerilerimi geliştirmek istiyorum
meditasyon_önermesi,Zihnimde rahatlık istiyorum
hedef_önerisi,Mutluluk için hedefler belirlemek istiyorum
meditasyon_önermesi,Meditasyon yapmak istiyorum
vedalaşma,Kendine iyi bak
spor_önerisi,Fiziksel olarak aktif olmak istiyorum
motivasyon_sozu,Hayatımda ilerleme kaydetmek istiyorum
spor_önerisi,Fitness önerileri ver
selamlaşma,Selam canım
selamlaşma,Merhabalar
motivasyon_sozu,İlham verici bir söz duyabilir miyim?
vedalaşma,Sonra görüşürüz lütfen
meditasyon_önermesi,Zihinsel dinginlik istiyordum
motivasyon_sozu,Bana güçlü hissettiren bir söz söyler misin.
meditasyon_önermesi,Zihinsel huzur arıyorum
hedef_önerisi,Kişisel gelişim için öneriler ver lütfen
hedef_önerisi,Başarılı olmak için planlar yapmak istiyorum
motivasyon_sozu,Güçlü kalmaya ihtiyacım var
kötü_gün_destek,Boş hissediyorum
kötü_gün_destek,Yorgunum ve bitkinim
meditasyon_önermesi,İç huzuru bulmak istiyorum lütfen
meditasyon_önermesi,Zihinsel huzur arıyorum
vedalaşma,Bye
motivasyon_sozu,Kendimi motive etmek istiyorum
hedef_önerisi,Mutluluk için hedefler belirlemek istiyordum
motivasyon_sozu,Hayatımda ilerleme kaydetmek istiyorum
meditasyon_önermesi,Stresimi azaltmak istiyordum
meditasyon_önermesi,Sakin kalmayı öğrenmek istiyorum
meditasyon_önermesi,Zihnimin sakinleşmesine ihtiyacım var
motivasyon_sozu,Cesaretimi toplamak istiyorum
kötü_gün_destek,Boş hissediyorum
motivasyon_sozu,Kendime güvenmeyi öğrenmek istiyorum
vedalaşma,Hoşçakal
hedef_önerisi,Kariyerimde ilerleme kaydetmek istiyorum
spor_önerisi,Spor yapmaya başlamak istiyordum
motivasyon_sozu,Kendimi geliştirmek istiyorum
spor_önerisi,Stretching yapmak istiyorum
motivasyon_sozu,Başarı için ne yapmalıyım?
selamlaşma,Herkese selam
vedalaşma,Güle güle kal
spor_önerisi,Kardiyo egzersizleri yapmak istiyorum
hedef_önerisi,Hayatımda ne yapabilirim?
hedef_önerisi,Kariyerimde ilerleme kaydetmek istiyorum
hedef_önerisi,Yeni bir hobi edinmek istiyorum
selamlaşma,İyi günler
spor_önerisi,Sağlıklı olmak için ne yapabilirim?
selamlaşma,İyi sabahlar
kötü_gün_destek,Boş hissediyorum
meditasyon_önermesi,Zihinsel dinginlik istiyorum
kötü_gün_destek,Moralsizim
hedef_önerisi,Yeni hedefler belirlemek istiyordum
hedef_önerisi,Zamanımı daha iyi değerlendirmek istiyordum
motivasyon_sozu,Hedeflerime ulaşmak istiyorum
vedalaşma,Hoşçakal canım
selamlaşma,Selamlar
vedalaşma,Hoşçakal kardeşim
spor_önerisi,Egzersiz yapmak istiyorum
vedalaşma,Sonra görüşürüz
motivasyon_sozu,Hayatımda ilerleme kaydetmek istiyorum
motivasyon_sozu,Pozitif düşünmek istiyorum
kötü_gün_destek,Hiçbir şey istediğim gibi gitmiyor
kötü_gün_destek,Üzgün bir ruh halindeyim
hedef_önerisi,Hangi amaçları güdmeliyim?
motivasyon_sozu,Güçlü olmak için ne yapabilirim?
selamlaşma,İyi sabahlar
motivasyon_sozu,Cesaretimi toplamak istiyorum
kötü_gün_destek,Her şey ters gidiyor
spor_önerisi,Güçlü olmak için ne yapabilirim?
kötü_gün_destek,Motivasyonum yok
meditasyon_önermesi,Meditasyon yapmak istiyorum
kötü_gün_destek,"Moralim bozuk, yardım et"
meditasyon_önermesi,Nefes egzersizleri yapabilir miyiz?
selamlaşma,Merhaba chatbot
meditasyon_önermesi,İç huzuru bulmak istiyorum lütfen
motivasyon_sozu,Kararlı olmayı öğrenmek istiyorum
spor_önerisi,Kardiyo egzersizleri yapmak istiyorum lütfen
spor_önerisi,Kas yapmak istiyorum
selamlaşma,Selamlar herkese
spor_önerisi,Yoga yapmak istiyorum
spor_önerisi,Hangi sporu yapabilirim?
meditasyon_önermesi,Meditasyon yapmak istiyorum lütfen
vedalaşma,İyi günler
selamlaşma,İyi sabahlar
vedalaşma,Kendine iyi bak
spor_önerisi,Fiziksel olarak aktif olmak istiyordum
selamlaşma,Selamlar herkese
motivasyon_sozu,Kendime güvenmeyi öğrenmek istiyorum
hedef_önerisi,Kendimi motive edecek amaçlar arıyorum
hedef_önerisi,Daha üretken olmak istiyorum
motivasyon_sozu,Kararlı olmayı öğrenmek istiyorum
selamlaşma,Nasılsın?
motivasyon_sozu,Başarıya odaklanmak istiyorum
spor_önerisi,Antrenman programı istiyordum
vedalaşma,İyi akşamlar
hedef_önerisi,Yaşam kalitemi artırmak istiyorum
vedalaşma,Güle güle
vedalaşma,Hoşçakal dostum
spor_önerisi,Antrenman programı istiyorum
hedef_önerisi,Sosyal hayatımı geliştirmek istiyorum
spor_önerisi,Egzersiz yapmak istiyorum lütfen
hedef_önerisi,Yeni bir hobi edinmek istiyorum
meditasyon_önermesi,Zihnimin sakinleşmesine ihtiyacım var
meditasyon_önermesi,İç huzuru bulmak istiyorum
selamlaşma,Selamlar herkese
vedalaşma,Kendine iyi bak lütfen
selamlaşma,Selam
vedalaşma,Görüşürüz
kötü_gün_destek,"Moralim bozuk, yardım et"
spor_önerisi,Egzersiz yapmak istiyorum
spor_önerisi,Hangi sporu yapabilirim?
motivasyon_sozu,Azimli olmaya ihtiyacım var lütfen
meditasyon_önermesi,Relaksasyon teknikleri öğrenmek istiyorum
motivasyon_sozu,Hayatımda ilerleme kaydetmek istiyordum
spor_önerisi,Kondisyon yapmak istiyorum
selamlaşma,Selam canım
selamlaşma,Nasılsın?
hedef_önerisi,Hayatımda ne yapabilirim?
selamlaşma,İyi akşamlar
kötü_gün_destek,Karamsar hissediyorum
vedalaşma,Sonra görüşürüz lütfen
meditasyon_önermesi,Nefes egzersizleri yapabilir miyim.
hedef_önerisi,Yeni bir şey öğrenmek istiyorum lütfen
meditasyon_önermesi,Gerginliğimi atmak istiyordum
selamlaşma,Selam
hedef_önerisi,Becerilerimi geliştirmek istiyorum
selamlaşma,Selamlar
vedalaşma,Kendine dikkat et
hedef_önerisi,Sağlıklı yaşam için ne yapabilirim.
meditasyon_önermesi,Zihinsel huzur arıyorum lütfen
spor_önerisi,Jimnastik hareketleri öğrenmek istiyorum
selamlaşma,Selam nasılsın?
kötü_gün_destek,Üzgün bir ruh halindeyim
meditasyon_önermesi,Endişelerimi yatıştırmak istiyorum
motivasyon_sozu,Umut dolu bir mesaj alabilir miyim.
vedalaşma,Sonra görüşürüz
meditasyon_önermesi,Sakin kalmayı öğrenmek istiyorum
selamlaşma,İyi akşamlar lütfen
kötü_gün_destek,Hüzünlüyüm
vedalaşma,Kendine iyi bak lütfen
spor_önerisi,Kondisyon yapmak istiyorum
kötü_gün_destek,"Moralim bozuk, yardım et lütfen"
motivasyon_sozu,Bugün kendime nasıl motivasyon verebilirim?
hedef_önerisi,Daha üretken olmak istiyorum
hedef_önerisi,Yeni alışkanlıklar edinmek istiyorum
kötü_gün_destek,Her şey ters gidiyor
motivasyon_sozu,Pozitif düşünmek istiyorum
spor_önerisi,Sağlıklı olmak için ne yapabilirim?
selamlaşma,Selam
motivasyon_sozu,Cesaretimi toplamak istiyorum
hedef_önerisi,Becerilerimi geliştirmek istiyordum
meditasyon_önermesi,Rahatlamak istiyorum
vedalaşma,Kendine dikkat et
motivasyon_sozu,Cesaretimi toplamak istiyorum
hedef_önerisi,Yeni alışkanlıklar edinmek istiyorum
spor_önerisi,Jimnastik hareketleri öğrenmek istiyorum
vedalaşma,Çok teşekkürler hoşçakal lütfen
kötü_gün_destek,"Moralim bozuk, yardım et"
kötü_gün_destek,Kederli hissediyorum
hedef_önerisi,Hayallerimi gerçekleştirmek için ne yapmalıyım.
spor_önerisi,Evde spor yapabilir miyim?
meditasyon_önermesi,Zihinsel berraklık istiyordum
hedef_önerisi,Zamanımı daha iyi değerlendirmek istiyorum
selamlaşma,Selam canım
spor_önerisi,Fitness önerileri ver
kötü_gün_destek,Kendimi berbat hissediyorum
vedalaşma,Başka zaman görüşürüz
vedalaşma,Sonra görüşürüz
selamlaşma,Günaydın çiçeğim
vedalaşma,Sağlıcakla kal
meditasyon_önermesi,Zihnimin sakinleşmesine ihtiyacım var
spor_önerisi,Kardiyo egzersizleri yapmak istiyorum
selamlaşma,İyi günler
spor_önerisi,Hangi sporu yapabilirim?
spor_önerisi,Kardiyo egzersizleri yapmak istiyorum
kötü_gün_destek,Motivasyonum yok
vedalaşma,Sağlıcakla kal lütfen
kötü_gün_destek,Kendimi berbat hissediyorum
spor_önerisi,Kondisyon yapmak istiyorum lütfen
meditasyon_önermesi,Zihnimin durulmasını istiyorum
vedalaşma,Hoşçakal dostum
hedef_önerisi,Yeni bir şey öğrenmek istiyorum
meditasyon_önermesi,Nefes egzersizleri yapabilir miyim?
selamlaşma,Nasılsın?
kötü_gün_destek,Karamsar hissediyorum
meditasyon_önermesi,Zihnimin sakinleşmesine ihtiyacım var
vedalaşma,Kendine iyi bak
selamlaşma,Selamün aleyküm
spor_önerisi,Sağlıklı olmak için ne yapabilirim?
hedef_önerisi,Kariyerimde ilerleme kaydetmek istiyorum lütfen
kötü_gün_destek,Yorgunum ve bitkinim lütfen
meditasyon_önermesi,Ruhsal huzur arıyorum
motivasyon_sozu,İlham verici bir söz duyabilir miyim? lütfen
hedef_önerisi,Mutluluk için hedefler belirlemek istiyorum
hedef_önerisi,Hayatımda ne yapabilirim?
meditasyon_önermesi,Sakin kalmayı öğrenmek istiyorum
spor_önerisi,Jimnastik hareketleri öğrenmek istiyorum
kötü_gün_destek,Üzgün bir ruh halindeyim
spor_önerisi,Kardiyo egzersizleri yapmak istiyorum
vedalaşma,Kendine dikkat et
meditasyon_önermesi,Relaksasyon teknikleri öğrenmek istiyordum
kötü_gün_destek,Yorgunum ve bitkinim lütfen
motivasyon_sozu,Umut dolu bir mesaj alabilir miyim?
selamlaşma,Nasılsın.
selamlaşma,İyi akşamlar
selamlaşma,Selamlar herkese lütfen
kötü_gün_destek,Kendimi berbat hissediyorum
spor_önerisi,Fiziksel aktivite önerileri
meditasyon_önermesi,Zihinsel berraklık istiyorum
motivasyon_sozu,Başarı için ne yapmalıyım?
vedalaşma,Bye
motivasyon_sozu,Kararlı olmayı öğrenmek istiyorum lütfen
hedef_önerisi,Gelecek planlarım neler olabilir?
spor_önerisi,Yoga yapmak istiyorum
meditasyon_önermesi,Zihinsel dinginlik istiyorum
kötü_gün_destek,Hüzünlüyüm
kötü_gün_destek,Hayal kırıklığına uğradım
vedalaşma,İyi akşamlar
meditasyon_önermesi,Relaksasyon teknikleri öğrenmek istiyordum
vedalaşma,Kendine iyi bak
selamlaşma,Selamün aleyküm
spor_önerisi,Fiziksel olarak aktif olmak istiyorum
kötü_gün_destek,Boş hissediyorum lütfen
hedef_önerisi,Daha üretken olmak istiyorum lütfen
selamlaşma,Selam nasılsın?
kötü_gün_destek,Moralsizim
motivasyon_sozu,Başarıya odaklanmak istiyorum
vedalaşma,Hoşçakal dostum lütfen
hedef_önerisi,Kendimi geliştirmek için ne yapabilirim? lütfen
vedalaşma,İyi geceler
vedalaşma,İyi günler
motivasyon_sozu,Bugün kendime nasıl motivasyon verebilirim?
selamlaşma,Selam canım
hedef_önerisi,Yeni alışkanlıklar edinmek istiyorum
hedef_önerisi,Zamanımı daha iyi değerlendirmek istiyorum
vedalaşma,İyi akşamlar
motivasyon_sozu,Güçlü olmak için ne yapabilirim?
selamlaşma,Nasılsın.
hedef_önerisi,Becerilerimi geliştirmek istiyorum
vedalaşma,Sağlıcakla kal
vedalaşma,İyi günler
hedef_önerisi,Kendimi motive edecek amaçlar arıyorum
vedalaşma,Sağlıcakla kal lütfen
hedef_önerisi,Kendimi motive edecek amaçlar arıyorum
motivasyon_sozu,Başarı için ne yapmalıyım? lütfen
spor_önerisi,Evde spor yapabilir miyim?
vedalaşma,İyi günler
spor_önerisi,Kardiyo egzersizleri yapmak istiyorum
spor_önerisi,Kas yapmak istiyorum lütfen
hedef_önerisi,Yeni bir şey öğrenmek istiyorum
spor_önerisi,Pilates yapmak istiyorum
hedef_önerisi,Kendimi motive edecek amaçlar arıyorum
spor_önerisi,Sağlıklı olmak için ne yapabilirim.
spor_önerisi,Kardiyo egzersizleri yapmak istiyorum
kötü_gün_destek,Boş hissediyorum
selamlaşma,İyi sabahlar
vedalaşma,Hoşçakal dostum
meditasyon_önermesi,Meditasyon rehberliği alabilir miyim? lütfen
hedef_önerisi,Kendimi geliştirmek için ne yapabilirim?
motivasyon_sozu,Kendime güvenmeyi öğrenmek istiyorum
meditasyon_önermesi,Stresimi azaltmak istiyorum lütfen
selamlaşma,Nasılsın?
vedalaşma,Hoşçakal canım
motivasyon_sozu,Sabırlı olmak istiyorum
meditasyon_önermesi,Zihinsel huzur arıyorum
motivasyon_sozu,Bugün kendime nasıl motivasyon verebilirim?
spor_önerisi,Yürüyüş yapmak istiyorum lütfen
kötü_gün_destek,Çok üzgünüm
vedalaşma,Güle güle
hedef_önerisi,Hangi amaçları güdmeliyim? lütfen
kötü_gün_destek,"Moralim bozuk, yardım et"
motivasyon_sozu,Başarı için ne yapmalıyım?
hedef_önerisi,Kendimi geliştirmek için ne yapabilirim.
selamlaşma,İyi günler
meditasyon_önermesi,Huzurlu hissetmek istiyorum
meditasyon_önermesi,Huzurlu hissetmek istiyorum
vedalaşma,Hoşçakal dostum lütfen
spor_önerisi,Antrenman programı istiyorum lütfen
selamlaşma,Merhaba chatbot
kötü_gün_destek,"Moralim bozuk, yardım et lütfen"
selamlaşma,Selam
hedef_önerisi,Hangi amaçları güdmeliyim.
vedalaşma,Kendine iyi bak
motivasyon_sozu,Sabırlı olmak istiyorum
motivasyon_sozu,Güçlü olmak için ne yapabilirim?
motivasyon_sozu,Bana güçlü hissettiren bir söz söyler misin?
hedef_önerisi,Gelecek planlarım neler olabilir?
vedalaşma,Hoşçakal dostum
meditasyon_önermesi,Meditasyon yapmak istiyorum
selamlaşma,İyi akşamlar
vedalaşma,Çok teşekkürler hoşçakal
kötü_gün_destek,Üzgün bir ruh halindeyim lütfen
hedef_önerisi,Yeni hedefler belirlemek istiyorum
selamlaşma,İyi akşamlar
kötü_gün_destek,Karamsar hissediyorum lütfen
hedef_önerisi,Hayatımda ne yapabilirim?
hedef_önerisi,Mutluluk için hedefler belirlemek istiyorum lütfen
vedalaşma,Hoşçakal
motivasyon_sozu,Kendimi geliştirmek istiyorum lütfen
hedef_önerisi,Sağlıklı yaşam için ne yapabilirim.
kötü_gün_destek,Boş hissediyorum
kötü_gün_destek,Kederli hissediyorum
kötü_gün_destek,Her şey çok zor geliyor
hedef_önerisi,Başarılı olmak için planlar yapmak istiyorum
selamlaşma,İyi sabahlar
selamlaşma,İyi akşamlar
meditasyon_önermesi,Meditasyon yapmak istiyorum
hedef_önerisi,Kendimi motive edecek amaçlar arıyorum
kötü_gün_destek,Çok üzgünüm
spor_önerisi,Egzersiz yapmak istiyordum
meditasyon_önermesi,Nefes egzersizleri yapabilir miyim?
meditasyon_önermesi,Relaksasyon teknikleri öğrenmek istiyorum
meditasyon_önermesi,Zihnimin durulmasını istiyorum
selamlaşma,Merhaba
kötü_gün_destek,Hiçbir şey istediğim gibi gitmiyor
selamlaşma,İyi akşamlar
spor_önerisi,Güçlü olmak için ne yapabilirim?
motivasyon_sozu,Zorlukları aşmak için ne yapmalıyım?
vedalaşma,Çok teşekkürler hoşçakal lütfen
vedalaşma,Mutlu günler
motivasyon_sozu,Güçlü kalmaya ihtiyacım var
motivasyon_sozu,Kararlı olmayı öğrenmek istiyorum
meditasyon_önermesi,Zihnimin sakinleşmesine ihtiyacım var
spor_önerisi,Pilates yapmak istiyordum
meditasyon_önermesi,Zihinsel berraklık istiyorum
selamlaşma,İyi sabahlar
meditasyon_önermesi,Zihnimin sakinleşmesine ihtiyacım var
spor_önerisi,Fiziksel aktivite önerileri
selamlaşma,İyi günler lütfen
motivasyon_sozu,Pozitif düşünmek istiyorum
vedalaşma,Hoşçakal kardeşim lütfen
kötü_gün_destek,Kötü bir gün geçiriyorum lütfen
meditasyon_önermesi,Sakin kalmayı öğrenmek istiyorum
kötü_gün_destek,Kötü bir gün geçiriyorum lütfen
vedalaşma,Güle güle kal
vedalaşma,Çok teşekkürler hoşçakal
spor_önerisi,Pilates yapmak istiyorum
selamlaşma,Merhaba chatbot
spor_önerisi,Jimnastik hareketleri öğrenmek istiyorum
selamlaşma,Selam canım
meditasyon_önermesi,Sakin kalmayı öğrenmek istiyorum
spor_önerisi,Kardiyo egzersizleri yapmak istiyorum
kötü_gün_destek,"Moralim bozuk, yardım et"
selamlaşma,Selamün aleyküm lütfen
vedalaşma,Sonra görüşürüz lütfen
meditasyon_önermesi,Zihnimin sakinleşmesine ihtiyacım var
motivasyon_sozu,Kendimi geliştirmek istiyorum
vedalaşma,Bye
meditasyon_önermesi,Ruhsal huzur arıyorum lütfen
motivasyon_sozu,İlham verici bir söz duyabilir miyiz?
kötü_gün_destek,Umutsuzluğa kapıldım
hedef_önerisi,Yeni bir şey öğrenmek istiyorum
kötü_gün_destek,Hüzünlüyüm
meditasyon_önermesi,Gerginliğimi atmak istiyorum
vedalaşma,İyi geceler
motivasyon_sozu,Bana güçlü hissettiren bir söz söyler misin?
meditasyon_önermesi,Zihinsel berraklık istiyorum
hedef_önerisi,Kendimi geliştirmek için ne yapabilirim?
spor_önerisi,Kilo vermek istiyorum
motivasyon_sozu,Sabırlı olmak istiyordum
vedalaşma,Sonra görüşürüz
hedef_önerisi,Yeni alışkanlıklar edinmek istiyordum
kötü_gün_destek,Boş hissediyorum
spor_önerisi,Antrenman programı istiyorum
spor_önerisi,Fitness önerileri ver
hedef_önerisi,Hayatımda ne yapabilirim?
motivasyon_sozu,Umut dolu bir mesaj alabilir miyiz?
kötü_gün_destek,Her şey ters gidiyor
kötü_gün_destek,Boş hissediyorum
meditasyon_önermesi,İç huzuru bulmak istiyordum
selamlaşma,Selamlar
hedef_önerisi,Zamanımı daha iyi değerlendirmek istiyorum
kötü_gün_destek,Her şey çok zor geliyor
vedalaşma,Elveda
selamlaşma,Selam canım
spor_önerisi,Egzersiz yapmak istiyorum
motivasyon_sozu,Bana güçlü hissettiren bir söz söyler misin?
meditasyon_önermesi,Ruhsal huzur arıyorum
hedef_önerisi,Kendimi geliştirmek için ne yapabilirim?
selamlaşma,Hey lütfen
kötü_gün_destek,Kötü bir gün geçiriyorum
kötü_gün_destek,Kederli hissediyorum
meditasyon_önermesi,Sakinlik arıyorum
meditasyon_önermesi,Zihnimde rahatlık istiyordum
motivasyon_sozu,Güçlü olmak için ne yapabilirim?
motivasyon_sozu,Hayallerimi gerçekleştirmek istiyordum
kötü_gün_destek,Kederli hissediyorum
spor_önerisi,Fiziksel aktivite önerileri
hedef_önerisi,Hangi amaçları güdmeliyim?
motivasyon_sozu,Cesaretimi toplamak istiyorum
spor_önerisi,Spor yapmaya başlamak istiyorum
vedalaşma,Güle güle kal
vedalaşma,Hoşçakal kardeşim
meditasyon_önermesi,Sakin kalmayı öğrenmek istiyorum
motivasyon_sozu,Bugün kendime nasıl motivasyon verebilirim?
spor_önerisi,Kardiyo egzersizleri yapmak istiyorum lütfen
hedef_önerisi,Yaşam kalitemi artırmak istiyordum
motivasyon_sozu,Zorlukları aşmak için ne yapmalıyım?
kötü_gün_destek,"Moralim bozuk, yardım et"
meditasyon_önermesi,Gerginliğimi atmak istiyorum
hedef_önerisi,Kariyerimde ilerleme kaydetmek istiyorum
kötü_gün_destek,Karamsar hissediyorum
hedef_önerisi,Kariyerimde ilerleme kaydetmek istiyorum
vedalaşma,Sonra görüşürüz
spor_önerisi,Kardiyo egzersizleri yapmak istiyorum
kötü_gün_destek,Her şey çok zor geliyor
spor_önerisi,Stretching yapmak istiyorum lütfen
meditasyon_önermesi,Zihnimde rahatlık istiyorum
vedalaşma,Kendine iyi bak
hedef_önerisi,Yaşam kalitemi artırmak istiyordum
hedef_önerisi,Becerilerimi geliştirmek istiyorum
motivasyon_sozu,Azimli olmaya ihtiyacım var
kötü_gün_destek,Moralsizim
selamlaşma,Selamlar
spor_önerisi,Fiziksel aktivite önerileri
selamlaşma,Günaydın
selamlaşma,Herkese selam
meditasyon_önermesi,Zihnimde rahatlık istiyordum
meditasyon_önermesi,Meditasyon yapmak istiyordum
motivasyon_sozu,Azimli olmaya ihtiyacım var
meditasyon_önermesi,Zihinsel huzur arıyorum
selamlaşma,Herkese selam
vedalaşma,İyi günler lütfen
meditasyon_önermesi,Zihnimin durulmasını istiyorum
hedef_önerisi,Gelecek planlarım neler olabilir?
kötü_gün_destek,Bugün çok kötü hissediyorum
kötü_gün_destek,Çok üzgünüm lütfen
kötü_gün_destek,Stresli bir gün geçiriyorum
motivasyon_sozu,Başarı için ne yapmalıyım?
motivasyon_sozu,Zorlukları aşmak için ne yapmalıyım?
spor_önerisi,Yoga yapmak istiyorum
meditasyon_önermesi,Relaksasyon teknikleri öğrenmek istiyorum
meditasyon_önermesi,Huzurlu hissetmek istiyorum
hedef_önerisi,Daha üretken olmak istiyorum
kötü_gün_destek,Karamsar hissediyorum
selamlaşma,Hey
spor_önerisi,Egzersiz yapmak istiyorum
hedef_önerisi,Yeni alışkanlıklar edinmek istiyorum
meditasyon_önermesi,Meditasyon yapmak istiyorum
kötü_gün_destek,Yorgunum ve bitkinim
meditasyon_önermesi,Sakin kalmayı öğrenmek istiyorum
hedef_önerisi,Hayallerimi gerçekleştirmek için ne yapmalıyım?
motivasyon_sozu,Hayallerimi gerçekleştirmek istiyorum
kötü_gün_destek,Üzgün bir ruh halindeyim
selamlaşma,Merhabalar
spor_önerisi,Kondisyon yapmak istiyordum
motivasyon_sozu,Hayatımda ilerleme kaydetmek istiyorum
kötü_gün_destek,Her şey ters gidiyor
spor_önerisi,Fiziksel olarak aktif olmak istiyorum
spor_önerisi,Fiziksel aktivite önerileri
kötü_gün_destek,Üzgün bir ruh halindeyim
vedalaşma,Hoşçakal dostum
kötü_gün_destek,Mutsuzum
spor_önerisi,Fiziksel aktivite önerileri
motivasyon_sozu,Pozitif düşünmek istiyorum lütfen
hedef_önerisi,Başarılı olmak için planlar yapmak istiyorum
vedalaşma,Sağlıcakla kal
kötü_gün_destek,Hayal kırıklığına uğradım
motivasyon_sozu,Pozitif düşünmek istiyorum
selamlaşma,İyi akşamlar
meditasyon_önermesi,Meditasyon rehberliği alabilir miyim?
selamlaşma,İyi akşamlar
selamlaşma,Günaydın
spor_önerisi,Kondisyon yapmak istiyorum
motivasyon_sozu,Kendimi geliştirmek istiyorum
meditasyon_önermesi,Endişelerimi yatıştırmak istiyorum lütfen
hedef_önerisi,Becerilerimi geliştirmek istiyorum
hedef_önerisi,Yeni bir hobi edinmek istiyorum
vedalaşma,İyi geceler
spor_önerisi,Yürüyüş yapmak istiyorum
selamlaşma,Selam
motivasyon_sozu,Sabırlı olmak istiyorum
selamlaşma,Selam lütfen
spor_önerisi,Hangi sporu yapabilirim?
hedef_önerisi,Yeni alışkanlıklar edinmek istiyorum
spor_önerisi,Yürüyüş yapmak istiyorum lütfen
kötü_gün_destek,Hüzünlüyüm lütfen
spor_önerisi,Koşu yapmaya başlamak istiyorum
selamlaşma,İyi sabahlar
hedef_önerisi,Yeni hedefler belirlemek istiyorum
motivasyon_sozu,Kendime güvenmeyi öğrenmek istiyorum
vedalaşma,Hoşçakal dostum
spor_önerisi,Pilates yapmak istiyorum
kötü_gün_destek,Motivasyonum yok
spor_önerisi,Egzersiz yapmak istiyorum
vedalaşma,Mutlu günler
meditasyon_önermesi,Meditasyon yapmak istiyorum lütfen
spor_önerisi,Stretching yapmak istiyorum lütfen
spor_önerisi,Koşu yapmaya başlamak istiyorum
spor_önerisi,Yürüyüş yapmak istiyorum
spor_önerisi,Fiziksel aktivite önerileri
motivasyon_sozu,İlham verici bir söz duyabilir miyiz?
selamlaşma,Selam nasılsın? lütfen
meditasyon_önermesi,Gerginliğimi atmak istiyorum lütfen
spor_önerisi,Koşu yapmaya başlamak istiyorum
hedef_önerisi,Zamanımı daha iyi değerlendirmek istiyorum
selamlaşma,İyi günler lütfen
motivasyon_sozu,İlham verici bir söz duyabilir miyim?
spor_önerisi,Fitness önerileri ver lütfen
kötü_gün_destek,Hiçbir şey istediğim gibi gitmiyor
vedalaşma,Mutlu günler
motivasyon_sozu,Cesaretimi toplamak istiyorum
meditasyon_önermesi,Sakinlik arıyorum
motivasyon_sozu,Umut dolu bir mesaj alabilir miyim.
vedalaşma,Kendine iyi bak lütfen
vedalaşma,Başka zaman görüşürüz
meditasyon_önermesi,Zihinsel huzur arıyorum
kötü_gün_destek,Kötü bir gün geçiriyorum
hedef_önerisi,Mutluluk için hedefler belirlemek istiyorum
meditasyon_önermesi,Sakinlik arıyorum lütfen
spor_önerisi,Spor yapmaya başlamak istiyordum
vedalaşma,Kendine dikkat et
kötü_gün_destek,Hayal kırıklığına uğradım
motivasyon_sozu,Sabırlı olmak istiyordum
kötü_gün_destek,"Moralim bozuk, yardım et"
motivasyon_sozu,Güçlü kalmaya ihtiyacım var
kötü_gün_destek,Yorgunum ve bitkinim
meditasyon_önermesi,Sakin kalmayı öğrenmek istiyorum lütfen
motivasyon_sozu,Azimli olmaya ihtiyacım var
kötü_gün_destek,Kederli hissediyorum lütfen
meditasyon_önermesi,Huzurlu hissetmek istiyorum
hedef_önerisi,Becerilerimi geliştirmek istiyorum
vedalaşma,Güle güle kal
kötü_gün_destek,Çok üzgünüm lütfen
vedalaşma,Hoşçakal
kötü_gün_destek,Boş hissediyorum
hedef_önerisi,Yeni alışkanlıklar edinmek istiyordum
motivasyon_sozu,Umut dolu bir mesaj alabilir miyim.
motivasyon_sozu,Azimli olmaya ihtiyacım var
kötü_gün_destek,Boş hissediyorum lütfen
hedef_önerisi,Yaşam kalitemi artırmak istiyorum lütfen
spor_önerisi,Jimnastik hareketleri öğrenmek istiyorum lütfen
motivasyon_sozu,Kendimi geliştirmek istiyorum
motivasyon_sozu,Hayatımda ilerleme kaydetmek istiyorum
hedef_önerisi,Sağlıklı yaşam için ne yapabilirim?
selamlaşma,Hoş geldin
kötü_gün_destek,Mutsuzum
hedef_önerisi,Hangi amaçları güdmeliyim?
meditasyon_önermesi,Gerginliğimi atmak istiyordum
spor_önerisi,Spor yapmaya başlamak istiyorum
vedalaşma,Güle güle
spor_önerisi,Jimnastik hareketleri öğrenmek istiyorum lütfen
meditasyon_önermesi,Gerginliğimi atmak istiyorum
spor_önerisi,Pilates yapmak istiyorum
kötü_gün_destek,Hayal kırıklığına uğradım
kötü_gün_destek,Motivasyonum yok
spor_önerisi,Evde spor yapabilir miyim?
vedalaşma,Bye
kötü_gün_destek,Karamsar hissediyorum
hedef_önerisi,Sosyal hayatımı geliştirmek istiyorum
meditasyon_önermesi,Zihnimde rahatlık istiyorum
spor_önerisi,Spor yapmaya başlamak istiyorum
selamlaşma,Selam
vedalaşma,Sağlıcakla kal
meditasyon_önermesi,Sakinlik arıyorum lütfen
kötü_gün_destek,Hüzünlüyüm
vedalaşma,Elveda lütfen
spor_önerisi,Sağlıklı olmak için ne yapabilirim.
kötü_gün_destek,Hayal kırıklığına uğradım
kötü_gün_destek,Karamsar hissediyorum
hedef_önerisi,Daha üretken olmak istiyorum
hedef_önerisi,Hayatımda ne yapabilirim?
meditasyon_önermesi,Zihinsel huzur arıyorum
motivasyon_sozu,Güçlü kalmaya ihtiyacım var
hedef_önerisi,Başarılı olmak için planlar yapmak istiyorum
meditasyon_önermesi,Sakinleşmek istiyorum
selamlaşma,Merhaba chatbot
meditasyon_önermesi,Sakinlik arıyorum
spor_önerisi,Fitness önerileri ver
motivasyon_sozu,Kendime güvenmeyi öğrenmek istiyorum
selamlaşma,İyi günler
spor_önerisi,Jimnastik hareketleri öğrenmek istiyordum
kötü_gün_destek,Her şey ters gidiyor
selamlaşma,Selam
motivasyon_sozu,Hayallerimi gerçekleştirmek istiyorum
meditasyon_önermesi,Relaksasyon teknikleri öğrenmek istiyorum lütfen
hedef_önerisi,Yeni alışkanlıklar edinmek istiyorum
vedalaşma,Bye
hedef_önerisi,Sosyal hayatımı geliştirmek istiyorum
vedalaşma,Hoşçakal dostum lütfen
motivasyon_sozu,Kendimi motive etmek istiyorum
vedalaşma,Hoşçakal dostum
motivasyon_sozu,Umut dolu bir mesaj alabilir miyim?
selamlaşma,Günaydın
kötü_gün_destek,Üzgün bir ruh halindeyim lütfen
vedalaşma,İyi günler
spor_önerisi,Kas yapmak istiyordum
selamlaşma,Merhaba chatbot
selamlaşma,Selam
motivasyon_sozu,İlham verici bir söz duyabilir miyiz?
motivasyon_sozu,Umut dolu bir mesaj alabilir miyiz?
hedef_önerisi,Yeni bir hobi edinmek istiyorum
kötü_gün_destek,Mutsuzum
vedalaşma,Güle güle kal
vedalaşma,İyi geceler
motivasyon_sozu,Kendimi motive etmek istiyorum
selamlaşma,Hoşgeldiniz
spor_önerisi,Kas yapmak istiyordum
spor_önerisi,Antrenman programı istiyorum
selamlaşma,Merhaba chatbot
vedalaşma,Güle güle kal lütfen
spor_önerisi,Güçlü olmak için ne yapabilirim? lütfen
meditasyon_önermesi,Meditasyon yapmak istiyorum
hedef_önerisi,Mutluluk için hedefler belirlemek istiyorum
hedef_önerisi,Becerilerimi geliştirmek istiyordum
hedef_önerisi,Kariyerimde ilerleme kaydetmek istiyorum
spor_önerisi,Kardiyo egzersizleri yapmak istiyorum
meditasyon_önermesi,Zihnimde rahatlık istiyorum
vedalaşma,İyi akşamlar lütfen
kötü_gün_destek,Kötü bir gün geçiriyorum
hedef_önerisi,Becerilerimi geliştirmek istiyorum
vedalaşma,Bay bay lütfen
motivasyon_sozu,Kendimi motive etmek istiyordum
vedalaşma,Hoşçakal dostum
motivasyon_sozu,Kendime güvenmeyi öğrenmek istiyorum
vedalaşma,Kendine dikkat et
spor_önerisi,Koşu yapmaya başlamak istiyorum
vedalaşma,Başka zaman görüşürüz
selamlaşma,Günaydın
selamlaşma,Hoş geldin
hedef_önerisi,Yaşam kalitemi artırmak istiyorum
vedalaşma,Kendine iyi bak lütfen
motivasyon_sozu,Bugün kendime nasıl motivasyon verebilirim?
meditasyon_önermesi,Stresimi azaltmak istiyordum
kötü_gün_destek,Karamsar hissediyorum
kötü_gün_destek,Üzgün bir ruh halindeyim
spor_önerisi,Kondisyon yapmak istiyorum lütfen
spor_önerisi,Yürüyüş yapmak istiyorum
selamlaşma,Selamün aleyküm
vedalaşma,Kendine dikkat et
kötü_gün_destek,Mutsuzum
spor_önerisi,Fiziksel aktivite önerileri lütfen
vedalaşma,Mutlu günler lütfen
hedef_önerisi,Yeni hedefler belirlemek istiyordum
meditasyon_önermesi,Huzurlu hissetmek istiyorum
meditasyon_önermesi,Gerginliğimi atmak istiyordum
motivasyon_sozu,Hayatımda ilerleme kaydetmek istiyorum
vedalaşma,Güle güle kal
meditasyon_önermesi,Ruhsal huzur arıyorum
meditasyon_önermesi,Sakinlik arıyorum
selamlaşma,Günaydın
spor_önerisi,Fiziksel aktivite önerileri
spor_önerisi,Fitness önerileri ver
selamlaşma,İyi sabahlar lütfen
motivasyon_sozu,Azimli olmaya ihtiyacım var
selamlaşma,Selamlar herkese
meditasyon_önermesi,Sakinlik arıyorum
vedalaşma,İyi geceler
vedalaşma,Hoşçakal canım
meditasyon_önermesi,Nefes egzersizleri yapabilir miyim?
meditasyon_önermesi,Sakinlik arıyorum
hedef_önerisi,Becerilerimi geliştirmek istiyorum
selamlaşma,Nasılsın?
kötü_gün_destek,Her şey çok zor geliyor
vedalaşma,Görüşürüz
kötü_gün_destek,Üzgün bir ruh halindeyim
motivasyon_sozu,Hayallerimi gerçekleştirmek istiyorum
kötü_gün_destek,Bugün çok kötü hissediyorum
kötü_gün_destek,Moralsizim
spor_önerisi,Antrenman programı istiyorum
spor_önerisi,Kilo vermek istiyorum
vedalaşma,İyi geceler lütfen
meditasyon_önermesi,Sakin kalmayı öğrenmek istiyordum
vedalaşma,Hoşçakal kardeşim lütfen
hedef_önerisi,Kişisel gelişim için öneriler ver
vedalaşma,Elveda
kötü_gün_destek,Üzgün bir ruh halindeyim
kötü_gün_destek,Hüzünlüyüm
selamlaşma,İyi sabahlar
selamlaşma,Merhabalar
kötü_gün_destek,Her şey ters gidiyor
vedalaşma,Güle güle kal lütfen
hedef_önerisi,Başarılı olmak için planlar yapmak istiyordum
selamlaşma,İyi günler nasıl gidiyor? lütfen
hedef_önerisi,Becerilerimi geliştirmek istiyorum lütfen
kötü_gün_destek,Karamsar hissediyorum
hedef_önerisi,Kişisel gelişim için öneriler ver
motivasyon_sozu,Hayatımda ilerleme kaydetmek istiyorum
kötü_gün_destek,Boş hissediyorum
motivasyon_sozu,İlham verici bir söz duyabilir miyim?
meditasyon_önermesi,Sakin kalmayı öğrenmek istiyorum
motivasyon_sozu,Hedeflerime ulaşmak istiyorum
kötü_gün_destek,Kendimi berbat hissediyorum
vedalaşma,Görüşürüz
spor_önerisi,Kondisyon yapmak istiyorum
hedef_önerisi,Hayatımda ne yapabilirim?
hedef_önerisi,Yeni bir şey öğrenmek istiyorum
vedalaşma,Bye
selamlaşma,Herkese selam
motivasyon_sozu,Umut dolu bir mesaj alabilir miyim?
spor_önerisi,Kas yapmak istiyorum
hedef_önerisi,Yeni bir şey öğrenmek istiyorum lütfen
hedef_önerisi,Becerilerimi geliştirmek istiyorum lütfen
kötü_gün_destek,Kederli hissediyorum
spor_önerisi,Evde spor yapabilir miyiz?
vedalaşma,Görüşürüz
selamlaşma,Hoş geldin
selamlaşma,Selam canım
motivasyon_sozu,Umut dolu bir mesaj alabilir miyim?
hedef_önerisi,Kişisel gelişim için öneriler ver
kötü_gün_destek,Hüzünlüyüm
kötü_gün_destek,Çok üzgünüm
selamlaşma,İyi günler nasıl gidiyor?
selamlaşma,Selam canım
vedalaşma,Çok teşekkürler hoşçakal
selamlaşma,İyi akşamlar lütfen
vedalaşma,Başka zaman görüşürüz
kötü_gün_destek,Moralsizim
meditasyon_önermesi,Zihnimin durulmasını istiyorum
selamlaşma,Selamün aleyküm
selamlaşma,İyi günler
spor_önerisi,Kardiyo egzersizleri yapmak istiyorum
kötü_gün_destek,"Moralim bozuk, yardım et"
spor_önerisi,Stretching yapmak istiyorum
vedalaşma,Mutlu günler
selamlaşma,Merhaba chatbot
kötü_gün_destek,Mutsuzum
hedef_önerisi,Daha üretken olmak istiyordum
hedef_önerisi,Başarılı olmak için planlar yapmak istiyorum
selamlaşma,Hoş geldin
spor_önerisi,Stretching yapmak istiyordum
selamlaşma,Selam canım
selamlaşma,Merhaba chatbot
hedef_önerisi,Gelecek planlarım neler olabilir.
kötü_gün_destek,Her şey ters gidiyor
motivasyon_sozu,Bugün kendime nasıl motivasyon verebilirim?
motivasyon_sozu,Zorlukları aşmak için ne yapmalıyım?
selamlaşma,Selam canım
selamlaşma,Selam canım lütfen
spor_önerisi,Yoga yapmak istiyorum
meditasyon_önermesi,Sakinlik arıyorum
motivasyon_sozu,Başarıya odaklanmak istiyorum
kötü_gün_destek,Moralsizim
spor_önerisi,Fiziksel aktivite önerileri lütfen
hedef_önerisi,Yaşam kalitemi artırmak istiyordum
selamlaşma,İyi günler
hedef_önerisi,Sosyal hayatımı geliştirmek istiyorum
vedalaşma,Kendine iyi bak
hedef_önerisi,Yeni alışkanlıklar edinmek istiyorum
spor_önerisi,Jimnastik hareketleri öğrenmek istiyorum
spor_önerisi,Kas yapmak istiyordum
vedalaşma,Bye
spor_önerisi,Evde spor yapabilir miyim?
meditasyon_önermesi,Nefes egzersizleri yapabilir miyim.
